<?xml version="1.0" encoding="UTF-8"?>
<jcr:root xmlns:sling="http://sling.apache.org/jcr/sling/1.0" xmlns:cq="http://www.day.com/jcr/cq/1.0" xmlns:jcr="http://www.jcp.org/jcr/1.0" xmlns:nt="http://www.jcp.org/jcr/nt/1.0"
    jcr:primaryType="nt:unstructured"
    sling:resourceType="cq/gui/components/authoring/dialog">
    <content
        jcr:primaryType="nt:unstructured"
        sling:resourceType="granite/ui/components/coral/foundation/fixedcolumns">
        <items jcr:primaryType="nt:unstructured">
            <column
                jcr:primaryType="nt:unstructured"
                sling:resourceType="granite/ui/components/coral/foundation/container">
                <items jcr:primaryType="nt:unstructured">
                    <formtitle
                        jcr:primaryType="nt:unstructured"
                        sling:resourceType="granite/ui/components/coral/foundation/form/textfield"
                        fieldLabel="Form Title"
                        name="./formtitle"/>
                    <label1
                        jcr:primaryType="nt:unstructured"
                        sling:resourceType="granite/ui/components/coral/foundation/form/textfield"
                        fieldLabel="First label"
                        name="./label1"/>
                    <label2
                        jcr:primaryType="nt:unstructured"
                        sling:resourceType="granite/ui/components/coral/foundation/form/textfield"
                        fieldLabel="Second label"
                        name="./label2"/>
                    <listFrom
                        jcr:primaryType="nt:unstructured"
                        sling:resourceType="granite/ui/components/coral/foundation/form/select"
                        fieldLabel="Build List Using"
                        name="./listFrom">
                        <items jcr:primaryType="nt:unstructured">
                            <children
                                jcr:primaryType="nt:unstructured"
                                text="Child pages"
                                value="children"/>
                            <static
                                jcr:primaryType="nt:unstructured"
                                text="Fixed list"
                                value="static"/>
                            <search
                                jcr:primaryType="nt:unstructured"
                                text="Search"
                                value="search"/>
                            <tags
                                jcr:primaryType="nt:unstructured"
                                text="Tags"
                                value="tags"/>
                        </items>
                    </listFrom>
                </items>
            </column>
        </items>
    </content>
</jcr:root>
